GROUP,PACKAGE,CLASS,INSTRUCTION_MISSED,INSTRUCTION_COVERED,BRANCH_MISSED,BRANCH_COVERED,LINE_MISSED,LINE_COVERED,COMPLEXITY_MISSED,COMPLEXITY_COVERED,METHOD_MISSED,METHOD_COVERED
Esri Geometry API for Java,com.esri.core.geometry,RasterizedGeometry2D.HitType,0,32,0,0,0,7,0,2,0,2
Esri Geometry API for Java,com.esri.core.geometry,PointInPolygonHelper,406,528,66,98,104,123,42,54,4,10
Esri Geometry API for Java,com.esri.core.geometry,OperatorSimplifyLocalHelper.MultiPointVertexComparer2,0,12,0,0,0,4,0,2,0,2
Esri Geometry API for Java,com.esri.core.geometry,OperatorConvexHull,2,8,0,0,1,2,1,2,1,2
Esri Geometry API for Java,com.esri.core.geometry,OperatorShapePreservingDensifyLocal,10,3,0,0,2,1,2,1,2,1
Esri Geometry API for Java,com.esri.core.geometry,OperatorImportFromJsonLocal,7,14,0,0,1,3,1,3,1,3
Esri Geometry API for Java,com.esri.core.geometry,OperatorCutCursor,39,370,17,34,8,87,15,17,1,5
Esri Geometry API for Java,com.esri.core.geometry,GeometryException,5,4,0,0,1,2,1,1,1,1
Esri Geometry API for Java,com.esri.core.geometry,OperatorDifferenceLocal,50,638,12,72,13,159,10,47,0,12
Esri Geometry API for Java,com.esri.core.geometry,OperatorClipLocal,0,26,0,0,0,5,0,3,0,3
Esri Geometry API for Java,com.esri.core.geometry,VertexDescription,70,400,6,16,12,52,15,24,11,17
Esri Geometry API for Java,com.esri.core.geometry,SweepComparator,485,1072,111,129,90,241,71,78,5,24
Esri Geometry API for Java,com.esri.core.geometry,RelationalOperations.Accelerate_helper,12,73,9,17,2,18,8,8,1,2
Esri Geometry API for Java,com.esri.core.geometry,SegmentBuffer,30,26,6,2,11,9,5,4,2,3
Esri Geometry API for Java,com.esri.core.geometry,Bufferer.GeometryCursorForMultiPoint,3,136,1,9,2,35,2,6,1,2
Esri Geometry API for Java,com.esri.core.geometry,OperatorOverlapsLocal,0,10,0,0,0,2,0,2,0,2
Esri Geometry API for Java,com.esri.core.geometry,OperatorImportFromESRIShapeCursor,291,1738,121,268,96,506,109,104,1,6
Esri Geometry API for Java,com.esri.core.geometry,Bufferer.GeometryCursorForPolygon,31,61,6,6,8,16,6,4,1,3
Esri Geometry API for Java,com.esri.core.geometry,OperatorExportToWktLocal,323,1727,132,238,59,405,115,101,0,29
Esri Geometry API for Java,com.esri.core.geometry,OperatorOverlaps,2,8,0,0,1,3,1,2,1,2
Esri Geometry API for Java,com.esri.core.geometry,IntervalTreeImpl.IntervalTreeBucketSortHelper,0,21,0,0,0,6,0,3,0,3
Esri Geometry API for Java,com.esri.core.geometry,SimpleJsonReaderCursor,55,0,4,0,16,0,6,0,4,0
Esri Geometry API for Java,com.esri.core.geometry,SpatialReferenceImpl,105,343,19,26,30,64,26,21,10,14
Esri Geometry API for Java,com.esri.core.geometry,OperatorImportFromWktLocal,114,1061,43,154,21,304,35,82,0,16
Esri Geometry API for Java,com.esri.core.geometry,QuadTree,119,104,5,1,22,23,13,15,10,15
Esri Geometry API for Java,com.esri.core.geometry,PairwiseIntersectorImpl,118,307,27,51,32,81,22,27,0,9
Esri Geometry API for Java,com.esri.core.geometry,OperatorSimplifyLocalHelper.MultiPointVertexComparer,0,12,0,0,0,4,0,2,0,2
Esri Geometry API for Java,com.esri.core.geometry,OperatorFactory,0,3,0,0,0,1,0,1,0,1
Esri Geometry API for Java,com.esri.core.geometry,GeometrySerializer.MultiVertexData,9,0,0,0,3,0,1,0,1,0
Esri Geometry API for Java,com.esri.core.geometry,OperatorImportFromWkbLocal.WkbHelper,0,25,0,0,0,6,0,3,0,3
Esri Geometry API for Java,com.esri.core.geometry,Geometry.GeometryAccelerationDegree,0,21,0,0,0,4,0,1,0,1
Esri Geometry API for Java,com.esri.core.geometry,GeometrySerializer.BaseGeometryData,6,0,0,0,2,0,1,0,1,0
Esri Geometry API for Java,com.esri.core.geometry,OperatorSimplifyLocalHelper.EdgeComparerForSelfIntersection,0,12,0,0,0,4,0,2,0,2
Esri Geometry API for Java,com.esri.core.geometry,OperatorDistanceLocal.DistanceCalculator,62,518,25,75,17,146,21,37,0,8
Esri Geometry API for Java,com.esri.core.geometry,OperatorExportToJson,2,8,0,0,1,3,1,2,1,2
Esri Geometry API for Java,com.esri.core.geometry,LnSrlzr,85,109,9,5,16,26,7,3,0,3
Esri Geometry API for Java,com.esri.core.geometry,GenericGeometrySerializer,12,145,4,16,4,40,4,9,0,3
Esri Geometry API for Java,com.esri.core.geometry,OperatorDisjointLocal,0,10,0,0,0,2,0,2,0,2
Esri Geometry API for Java,com.esri.core.geometry,OperatorContainsLocal,0,10,0,0,0,2,0,2,0,2
Esri Geometry API for Java,com.esri.core.geometry,OperatorCentroid2D,2,8,0,0,1,2,1,2,1,2
Esri Geometry API for Java,com.esri.core.geometry,Point3D,316,13,24,0,59,6,30,2,18,2
Esri Geometry API for Java,com.esri.core.geometry,ConvexHull.CallBackShape,0,34,0,0,0,9,0,3,0,3
Esri Geometry API for Java,com.esri.core.geometry,OperatorExportToGeoJsonLocal,7,22,0,0,1,5,1,5,1,5
Esri Geometry API for Java,com.esri.core.geometry,UserCancelException,4,0,0,0,2,0,1,0,1,0
Esri Geometry API for Java,com.esri.core.geometry,TopoGraph.ClusterSweepMonikerComparator,5,101,2,8,0,20,2,7,0,4
Esri Geometry API for Java,com.esri.core.geometry,OperatorIntersection,2,8,0,0,1,3,1,2,1,2
Esri Geometry API for Java,com.esri.core.geometry,RelationalOperations.OverlapComparer,0,12,0,0,0,4,0,2,0,2
Esri Geometry API for Java,com.esri.core.geometry,Cutter,679,2285,217,253,168,572,159,89,1,12
Esri Geometry API for Java,com.esri.core.geometry,Simplificator.SimplificatorVertexComparer,0,69,0,6,0,14,0,6,0,3
Esri Geometry API for Java,com.esri.core.geometry,AttributeStreamOfInt64,1395,0,220,0,299,0,146,0,36,0
Esri Geometry API for Java,com.esri.core.geometry,AttributeStreamOfInt8,1151,325,191,35,237,78,131,24,29,13
Esri Geometry API for Java,com.esri.core.geometry,GeometryCursorAppend,4,34,0,4,1,10,1,4,1,2
Esri Geometry API for Java,com.esri.core.geometry,OperatorGeodeticArea,7,3,0,0,3,1,2,1,2,1
Esri Geometry API for Java,com.esri.core.geometry,Proximity2DResultComparator,0,21,0,4,0,6,0,4,0,2
Esri Geometry API for Java,com.esri.core.geometry,PlaneSweepCrackerHelper.QMonikerComparator,0,37,0,0,0,10,0,3,0,3
Esri Geometry API for Java,com.esri.core.geometry,SpatialReferenceSerializer,20,32,2,2,6,12,2,3,0,3
Esri Geometry API for Java,com.esri.core.geometry,SweepComparator.SimpleEdge,0,30,0,0,0,9,0,1,0,1
Esri Geometry API for Java,com.esri.core.geometry,OperatorProximity2DLocal,73,515,15,49,19,141,15,29,0,10
Esri Geometry API for Java,com.esri.core.geometry,OperatorProximity2D,2,8,0,0,1,3,1,2,1,2
Esri Geometry API for Java,com.esri.core.geometry,ClassicSort,0,3,0,0,0,1,0,1,0,1
Esri Geometry API for Java,com.esri.core.geometry,JsonGeometryException,5,4,0,0,2,2,1,1,1,1
Esri Geometry API for Java,com.esri.core.geometry,Line,721,1654,124,230,162,331,97,131,16,34
Esri Geometry API for Java,com.esri.core.geometry,Point2D,1243,680,78,48,249,136,66,58,22,38
Esri Geometry API for Java,com.esri.core.geometry,AttributeStreamOfInt32.RandomSeed,0,6,0,0,0,3,0,1,0,1
Esri Geometry API for Java,com.esri.core.geometry,OperatorShapePreservingDensify,7,3,0,0,3,1,2,1,2,1
Esri Geometry API for Java,com.esri.core.geometry,StridedIndexTypeCollection,192,578,24,40,31,98,21,32,3,18
Esri Geometry API for Java,com.esri.core.geometry,IntervalTreeImpl.EndPointsComparer,0,34,0,8,0,8,0,6,0,2
Esri Geometry API for Java,com.esri.core.geometry,JsonWriter,0,3,0,0,0,1,0,1,0,1
Esri Geometry API for Java,com.esri.core.geometry,SegmentIntersector,140,775,25,79,41,191,22,46,2,14
Esri Geometry API for Java,com.esri.core.geometry,OperatorSimplifyOGC,2,8,0,0,1,3,1,2,1,2
Esri Geometry API for Java,com.esri.core.geometry,EditShape.EditShapeBucketSortHelper,0,18,0,0,0,6,0,3,0,3
Esri Geometry API for Java,com.esri.core.geometry,MultiVertexGeometry,19,12,0,0,6,4,3,2,3,2
Esri Geometry API for Java,com.esri.core.geometry,AttributeStreamOfFloat,1397,0,220,0,299,0,146,0,36,0
Esri Geometry API for Java,com.esri.core.geometry,JsonReaderCursor,3,0,0,0,1,0,1,0,1,0
Esri Geometry API for Java,com.esri.core.geometry,SimpleRasterizer.Edge,2,3,0,0,1,1,1,1,1,1
Esri Geometry API for Java,com.esri.core.geometry,QuadTree.QuadTreeIterator,9,50,1,5,2,14,2,6,1,4
Esri Geometry API for Java,com.esri.core.geometry,OperatorGeneralize,2,8,0,0,1,2,1,2,1,2
Esri Geometry API for Java,com.esri.core.geometry,OperatorIntersectsLocal,1,20,1,1,0,4,1,2,0,2
Esri Geometry API for Java,com.esri.core.geometry,TopologicalOperations.CompareCuts,0,40,0,4,0,12,0,4,0,2
Esri Geometry API for Java,com.esri.core.geometry,TopologicalOperations,1031,4018,234,452,218,1007,176,224,9,47
Esri Geometry API for Java,com.esri.core.geometry,MathUtils.KahanSummator,83,45,0,0,22,14,7,4,7,4
Esri Geometry API for Java,com.esri.core.geometry,OGCStructureInternal,7,55,1,3,0,11,2,3,1,2
Esri Geometry API for Java,com.esri.core.geometry,MultiPointImpl,207,481,27,37,48,105,34,27,11,18
Esri Geometry API for Java,com.esri.core.geometry,MapOGCStructure,0,3,0,0,0,1,0,1,0,1
Esri Geometry API for Java,com.esri.core.geometry,MultiPathImpl,2455,3340,340,390,518,788,274,206,27,86
Esri Geometry API for Java,com.esri.core.geometry,OperatorGeneralizeCursor,27,360,8,44,8,91,8,24,0,6
Esri Geometry API for Java,com.esri.core.geometry,Segment,467,876,55,79,108,215,64,71,25,43
Esri Geometry API for Java,com.esri.core.geometry,OperatorImportFromGeoJsonLocal.GeoJsonType,6,50,0,0,1,3,1,2,1,2
Esri Geometry API for Java,com.esri.core.geometry,IndexHashTable.HashFunction,0,3,0,0,0,1,0,1,0,1
Esri Geometry API for Java,com.esri.core.geometry,RelationalOperations,1397,8987,436,1225,365,2152,350,640,2,118
Esri Geometry API for Java,com.esri.core.geometry,BucketSort,17,328,4,30,3,71,4,19,0,6
Esri Geometry API for Java,com.esri.core.geometry,OperatorIntersectionCursor,376,1309,98,197,85,326,73,89,2,12
Esri Geometry API for Java,com.esri.core.geometry,GeometrySerializer.MultiPathData,6,0,0,0,2,0,1,0,1,0
Esri Geometry API for Java,com.esri.core.geometry,OperatorDensifyByLengthCursor,93,168,15,21,24,49,13,12,3,4
Esri Geometry API for Java,com.esri.core.geometry,OperatorInternalRelationUtils,1143,42,202,8,322,17,146,3,31,1
Esri Geometry API for Java,com.esri.core.geometry,RingOrientationFixer.RingOrientationTestComparator,22,193,5,15,3,44,5,9,0,4
Esri Geometry API for Java,com.esri.core.geometry,OperatorUnionCursor.Geom_pair,0,10,0,0,0,1,0,1,0,1
Esri Geometry API for Java,com.esri.core.geometry,Geometry,90,255,13,31,26,75,17,39,9,25
Esri Geometry API for Java,com.esri.core.geometry,RasterizedGeometry2DImpl.ScanCallbackImpl,1,86,2,6,0,19,2,6,0,4
Esri Geometry API for Java,com.esri.core.geometry,NumberUtils,75,180,19,7,11,29,20,18,9,16
Esri Geometry API for Java,com.esri.core.geometry,Cutter.CutterVertexComparer,0,12,0,0,0,4,0,2,0,2
Esri Geometry API for Java,com.esri.core.geometry,Clusterer.ClusterCandidate,3,0,0,0,1,0,1,0,1,0
Esri Geometry API for Java,com.esri.core.geometry,RingOrientationFixer,31,1245,10,112,8,286,10,60,0,9
Esri Geometry API for Java,com.esri.core.geometry,OperatorImportFromWkb,2,8,0,0,1,3,1,2,1,2
Esri Geometry API for Java,com.esri.core.geometry,OperatorSimplifyLocalHelper.ClusterTestComparator,0,44,0,4,0,8,0,4,0,2
Esri Geometry API for Java,com.esri.core.geometry,TopoGraph.PlaneSweepComparator,27,236,9,33,3,45,8,17,0,4
Esri Geometry API for Java,com.esri.core.geometry,OperatorExportToESRIShapeCursor,539,1513,220,208,150,401,174,50,3,5
Esri Geometry API for Java,com.esri.core.geometry,Operator.Type,0,267,0,0,0,12,0,1,0,1
Esri Geometry API for Java,com.esri.core.geometry,OperatorUnionCursor,109,441,30,52,24,107,24,29,2,10
Esri Geometry API for Java,com.esri.core.geometry,AttributeStreamOfInt16,1400,0,220,0,299,0,146,0,36,0
Esri Geometry API for Java,com.esri.core.geometry,Cutter.CutEvent,0,30,0,0,0,11,0,1,0,1
Esri Geometry API for Java,com.esri.core.geometry,ConstructOffset.IntersectionInfo,0,3,0,0,0,1,0,1,0,1
Esri Geometry API for Java,com.esri.core.geometry,PlaneSweepCrackerHelper.SimplifySweepComparator,4,60,1,3,0,16,1,4,0,3
Esri Geometry API for Java,com.esri.core.geometry,Boundary.MultiPathImplBoundarySorter,9,16,0,0,1,5,1,2,1,2
Esri Geometry API for Java,com.esri.core.geometry,OperatorDensifyByLength,2,8,0,0,1,3,1,2,1,2
Esri Geometry API for Java,com.esri.core.geometry,OperatorEquals,2,8,0,0,1,2,1,2,1,2
Esri Geometry API for Java,com.esri.core.geometry,SegmentIntersector.IntersectionPart,0,21,0,0,0,8,0,1,0,1
Esri Geometry API for Java,com.esri.core.geometry,OperatorContains,2,8,0,0,1,3,1,2,1,2
Esri Geometry API for Java,com.esri.core.geometry,PeDouble,6,6,0,0,3,3,1,1,1,1
Esri Geometry API for Java,com.esri.core.geometry,OperatorOffsetLocal,0,32,0,0,0,5,0,3,0,3
Esri Geometry API for Java,com.esri.core.geometry,QuadTreeImpl.Data,0,33,0,0,0,10,0,2,0,2
Esri Geometry API for Java,com.esri.core.geometry,Clipper,629,2863,150,426,111,636,116,193,1,15
Esri Geometry API for Java,com.esri.core.geometry,MultiPoint,82,238,3,3,29,70,17,41,14,41
Esri Geometry API for Java,com.esri.core.geometry,IndexMultiList,115,400,18,32,19,92,22,30,7,20
Esri Geometry API for Java,com.esri.core.geometry,SimpleMapGeometryCursor,55,0,4,0,15,0,6,0,4,0
Esri Geometry API for Java,com.esri.core.geometry,OperatorBuffer,2,8,0,0,1,2,1,2,1,2
Esri Geometry API for Java,com.esri.core.geometry,OperatorGeneralizeLocal,0,26,0,0,0,5,0,3,0,3
Esri Geometry API for Java,com.esri.core.geometry,OperatorImportFromGeoJsonLocal,11,60,2,0,3,13,2,4,1,4
Esri Geometry API for Java,com.esri.core.geometry,OperatorGeodesicBufferLocal,10,3,0,0,2,1,2,1,2,1
Esri Geometry API for Java,com.esri.core.geometry,RingOrientationFixer.Edges,32,178,4,10,6,39,4,15,2,10
Esri Geometry API for Java,com.esri.core.geometry,PolygonUtils.PiPResult,0,21,0,0,0,2,0,1,0,1
Esri Geometry API for Java,com.esri.core.geometry,OperatorSimplify,2,16,0,0,1,4,1,3,1,3
Esri Geometry API for Java,com.esri.core.geometry,EnvSrlzr,83,110,10,6,17,26,8,3,0,3
Esri Geometry API for Java,com.esri.core.geometry,MultiVertexGeometryImpl,474,1460,94,160,109,375,86,104,12,51
Esri Geometry API for Java,com.esri.core.geometry,OperatorSimplifyLocal,0,39,0,2,0,7,0,5,0,4
Esri Geometry API for Java,com.esri.core.geometry,SegmentIterator,56,41,0,0,18,13,13,9,13,9
Esri Geometry API for Java,com.esri.core.geometry,GeoJsonCrsTables,33,276,11,31,11,73,12,18,1,8
Esri Geometry API for Java,com.esri.core.geometry,OperatorCutLocal,0,12,0,0,0,2,0,2,0,2
Esri Geometry API for Java,com.esri.core.geometry,JsonParserReader,88,109,6,22,27,39,6,19,2,9
Esri Geometry API for Java,com.esri.core.geometry,MathUtils,96,269,30,50,8,25,31,20,5,6
Esri Geometry API for Java,com.esri.core.geometry,StringUtils,82,104,16,14,24,24,13,6,2,2
Esri Geometry API for Java,com.esri.core.geometry,SimpleRasterizer,286,979,37,123,49,227,34,66,5,15
Esri Geometry API for Java,com.esri.core.geometry,Bufferer,872,3164,188,256,205,687,143,112,1,29
Esri Geometry API for Java,com.esri.core.geometry,Envelope1D,212,168,40,26,54,50,36,21,12,12
Esri Geometry API for Java,com.esri.core.geometry,OperatorBoundary,2,8,0,0,1,2,1,2,1,2
Esri Geometry API for Java,com.esri.core.geometry,OperatorClipCursor,9,43,2,2,3,11,3,2,1,2
Esri Geometry API for Java,com.esri.core.geometry,Envelope2DIntersectorImpl.Envelope2DBucketSortHelper,0,25,0,0,0,7,0,3,0,3
Esri Geometry API for Java,com.esri.core.geometry,Bufferer.GeometryCursorForPolyline,2,65,0,6,1,18,1,5,1,2
Esri Geometry API for Java,com.esri.core.geometry,OGCStructure,0,3,0,0,0,1,0,1,0,1
Esri Geometry API for Java,com.esri.core.geometry,AttributeStreamOfInt32,883,844,161,81,175,198,109,65,16,37
Esri Geometry API for Java,com.esri.core.geometry,OperatorTouchesLocal,0,10,0,0,0,2,0,2,0,2
Esri Geometry API for Java,com.esri.core.geometry,OperatorCentroid2DLocal,13,333,2,23,2,70,2,19,0,6
Esri Geometry API for Java,com.esri.core.geometry,OperatorSimplifyCursorOGC,22,51,5,5,5,15,5,4,1,3
Esri Geometry API for Java,com.esri.core.geometry,SimpleGeometryCursor,0,70,0,4,0,20,0,7,0,5
Esri Geometry API for Java,com.esri.core.geometry,OperatorExportToWkbLocal,908,1788,168,300,290,508,142,103,1,8
Esri Geometry API for Java,com.esri.core.geometry,PlaneSweepCrackerHelper.SimplifySweepMonikerComparator,2,37,1,1,1,9,1,2,0,2
Esri Geometry API for Java,com.esri.core.geometry,Envelope2D,950,2046,149,256,206,356,132,160,31,57
Esri Geometry API for Java,com.esri.core.geometry,OperatorSymmetricDifferenceCursor,9,47,3,3,3,12,4,2,1,2
Esri Geometry API for Java,com.esri.core.geometry,OperatorExportToJsonCursor,320,522,72,72,66,175,56,30,1,11
Esri Geometry API for Java,com.esri.core.geometry,Boundary,118,290,35,39,36,72,24,17,1,3
Esri Geometry API for Java,com.esri.core.geometry,ByteBufferCursor,0,3,0,0,0,1,0,1,0,1
Esri Geometry API for Java,com.esri.core.geometry,MapGeometry,90,61,20,6,25,21,17,5,4,5
Esri Geometry API for Java,com.esri.core.geometry,JsonCursor,0,3,0,0,0,1,0,1,0,1
Esri Geometry API for Java,com.esri.core.geometry,SpatialReference,58,148,14,34,15,48,16,18,4,6
Esri Geometry API for Java,com.esri.core.geometry,OperatorExportToJsonLocal,11,17,0,0,2,4,2,2,2,2
Esri Geometry API for Java,com.esri.core.geometry,OperatorClip,2,8,0,0,1,2,1,2,1,2
Esri Geometry API for Java,com.esri.core.geometry,Polygon,13,94,3,3,5,25,4,15,1,15
Esri Geometry API for Java,com.esri.core.geometry,Treap.Comparator,16,32,3,5,8,14,7,7,5,5
Esri Geometry API for Java,com.esri.core.geometry,OperatorIntersects,7,3,0,0,3,1,2,1,2,1
Esri Geometry API for Java,com.esri.core.geometry,OperatorOffsetCursor,8,67,2,2,3,17,3,3,1,3
Esri Geometry API for Java,com.esri.core.geometry,Bufferer.BufferCommand,0,77,0,0,0,22,0,2,0,2
Esri Geometry API for Java,com.esri.core.geometry,Interop,7,11,2,2,1,2,3,2,1,2
Esri Geometry API for Java,com.esri.core.geometry,OperatorImportFromGeoJsonLocal.OperatorImportFromGeoJsonHelper,510,1937,145,345,91,544,130,140,0,21
Esri Geometry API for Java,com.esri.core.geometry,Envelope3D,1006,0,126,0,199,0,97,0,34,0
Esri Geometry API for Java,com.esri.core.geometry,OperatorUnionCursor.Bin_type,0,63,0,0,0,11,0,5,0,5
Esri Geometry API for Java,com.esri.core.geometry,Envelope,890,1026,121,76,205,253,106,76,29,53
Esri Geometry API for Java,com.esri.core.geometry,OperatorCut,2,8,0,0,1,2,1,2,1,2
Esri Geometry API for Java,com.esri.core.geometry,ConvexHull,127,1615,41,161,20,357,40,86,2,23
Esri Geometry API for Java,com.esri.core.geometry,Point2D.CompareVectors,0,7,0,0,0,2,0,2,0,2
Esri Geometry API for Java,com.esri.core.geometry,Simplificator,121,2030,39,195,26,461,35,99,0,17
Esri Geometry API for Java,com.esri.core.geometry,Clipper.ClipperVertexComparer,0,12,0,0,0,4,0,2,0,2
Esri Geometry API for Java,com.esri.core.geometry,OperatorExportToGeoJsonCursor,310,1364,77,161,65,340,71,78,4,24
Esri Geometry API for Java,com.esri.core.geometry,RelationalOperationsMatrix,1012,5883,344,750,215,1273,276,373,2,88
Esri Geometry API for Java,com.esri.core.geometry,Transformation3D,1005,0,8,0,147,0,18,0,14,0
Esri Geometry API for Java,com.esri.core.geometry,OperatorExportToGeoJson,2,8,0,0,1,2,1,2,1,2
Esri Geometry API for Java,com.esri.core.geometry,IntervalTreeImpl.IntervalTreeIteratorImpl,50,869,10,79,8,182,11,56,1,18
Esri Geometry API for Java,com.esri.core.geometry,OperatorImportFromJsonCursor,280,930,129,193,56,275,107,69,9,6
Esri Geometry API for Java,com.esri.core.geometry,OperatorSimplifyLocalHelper.IndexSorter,0,64,0,2,0,14,0,4,0,3
Esri Geometry API for Java,com.esri.core.geometry,NonSimpleResult,0,37,0,0,0,14,0,3,0,3
Esri Geometry API for Java,com.esri.core.geometry,OperatorConvexHullCursor,25,383,11,59,6,106,12,31,1,7
Esri Geometry API for Java,com.esri.core.geometry,RasterizedGeometry2D,12,54,5,9,4,19,5,8,0,5
Esri Geometry API for Java,com.esri.core.geometry,OperatorBufferCursor,3,91,1,3,1,20,2,4,1,3
Esri Geometry API for Java,com.esri.core.geometry,Geometry.Type,4,83,1,3,1,16,1,5,0,4
Esri Geometry API for Java,com.esri.core.geometry,OperatorCrosses,2,8,0,0,1,3,1,2,1,2
Esri Geometry API for Java,com.esri.core.geometry,ECoordinate,815,132,42,6,148,28,69,13,48,10
Esri Geometry API for Java,com.esri.core.geometry,OperatorSimpleRelation,3,8,0,0,2,2,1,2,1,2
Esri Geometry API for Java,com.esri.core.geometry,InternalUtils,531,651,74,75,137,182,53,46,8,14
Esri Geometry API for Java,com.esri.core.geometry,IndexMultiDCList,134,362,16,16,32,92,21,35,11,29
Esri Geometry API for Java,com.esri.core.geometry,OperatorUnion,2,8,0,0,1,2,1,2,1,2
Esri Geometry API for Java,com.esri.core.geometry,TopoGraph.TopoGraphAngleComparer,0,12,0,0,0,4,0,2,0,2
Esri Geometry API for Java,com.esri.core.geometry,QuadTreeImpl.QuadTreeIteratorImpl,37,486,6,38,9,113,7,22,1,6
Esri Geometry API for Java,com.esri.core.geometry,Point,111,721,26,70,39,199,26,67,4,41
Esri Geometry API for Java,com.esri.core.geometry,EditShape.SimplificatorVertexComparerX,12,0,0,0,4,0,2,0,2,0
Esri Geometry API for Java,com.esri.core.geometry,EditShape.SimplificatorVertexComparerY,0,12,0,0,0,4,0,2,0,2
Esri Geometry API for Java,com.esri.core.geometry,ProgressTracker,12,3,3,1,2,2,3,1,1,1
Esri Geometry API for Java,com.esri.core.geometry,Wkt,168,0,34,0,52,0,19,0,2,0
Esri Geometry API for Java,com.esri.core.geometry,IntervalTreeImpl,209,1514,53,167,27,356,51,111,3,49
Esri Geometry API for Java,com.esri.core.geometry,OperatorImportFromGeoJson,2,8,0,0,1,2,1,2,1,2
Esri Geometry API for Java,com.esri.core.geometry,OperatorBoundaryLocal,6,15,0,0,1,3,1,2,1,2
Esri Geometry API for Java,com.esri.core.geometry,Transformation2D,1453,250,79,13,256,50,91,11,47,9
Esri Geometry API for Java,com.esri.core.geometry,ConstructOffset.GraphicPoint,29,115,0,0,6,30,1,5,1,5
Esri Geometry API for Java,com.esri.core.geometry,JsonStringWriter,290,479,42,39,80,157,38,49,6,34
Esri Geometry API for Java,com.esri.core.geometry,ProjectionTransformation,3,0,0,0,1,0,1,0,1,0
Esri Geometry API for Java,com.esri.core.geometry,VertexDescriptionDesignerImpl,13,90,3,7,5,19,5,8,2,6
Esri Geometry API for Java,com.esri.core.geometry,QuadTreeImpl,309,2078,62,192,43,437,63,139,11,64
Esri Geometry API for Java,com.esri.core.geometry,OperatorExportToESRIShapeLocal,15,22,0,0,3,6,2,2,2,2
Esri Geometry API for Java,com.esri.core.geometry,SimpleRasterizer.EdgeComparator,2,21,1,5,1,2,1,3,0,1
Esri Geometry API for Java,com.esri.core.geometry,OperatorOffset,7,3,0,0,2,1,2,1,2,1
Esri Geometry API for Java,com.esri.core.geometry,OperatorGeodeticLengthLocal,5,3,0,0,1,1,1,1,1,1
Esri Geometry API for Java,com.esri.core.geometry,OperatorWithinLocal,0,10,0,0,0,2,0,2,0,2
Esri Geometry API for Java,com.esri.core.geometry,Wkid,67,302,7,21,20,76,7,15,1,7
Esri Geometry API for Java,com.esri.core.geometry,AttributeStreamOfDbl,1201,646,241,67,259,138,157,45,20,28
Esri Geometry API for Java,com.esri.core.geometry,SimpleJsonCursor,55,0,4,0,16,0,6,0,4,0
Esri Geometry API for Java,com.esri.core.geometry,OperatorSymmetricDifferenceLocal,30,305,9,31,6,69,7,19,0,6
Esri Geometry API for Java,com.esri.core.geometry,PtSrlzr,41,109,6,8,10,27,5,5,0,3
Esri Geometry API for Java,com.esri.core.geometry,JSONUtils,43,16,12,4,11,2,9,2,2,1
Esri Geometry API for Java,com.esri.core.geometry,OperatorSymmetricDifference,7,3,0,0,3,1,2,1,2,1
Esri Geometry API for Java,com.esri.core.geometry,Cracker,103,1048,34,146,20,266,28,74,0,12
Esri Geometry API for Java,com.esri.core.geometry,Envelope2DIntersectorImpl,489,1462,86,134,119,336,68,93,6,37
Esri Geometry API for Java,com.esri.core.geometry,ConstructOffset,430,2209,53,201,95,399,49,96,2,16
Esri Geometry API for Java,com.esri.core.geometry,OperatorSimplifyLocalHelper.Vertex_info,3,0,0,0,1,0,1,0,1,0
Esri Geometry API for Java,com.esri.core.geometry,OperatorDisjoint,2,8,0,0,1,3,1,2,1,2
Esri Geometry API for Java,com.esri.core.geometry,OperatorImportFromESRIShapeLocal,0,25,0,0,0,5,0,3,0,3
Esri Geometry API for Java,com.esri.core.geometry,OperatorFactoryLocal,301,314,23,1,93,48,20,3,8,3
Esri Geometry API for Java,com.esri.core.geometry,QuadTreeImpl.QuadTreeSortedIteratorImpl,13,89,0,6,4,19,1,6,1,3
Esri Geometry API for Java,com.esri.core.geometry,OperatorSimplifyLocalOGC,0,39,0,2,0,7,0,5,0,4
Esri Geometry API for Java,com.esri.core.geometry,ConstructOffset.GraphicRect,3,0,0,0,1,0,1,0,1,0
Esri Geometry API for Java,com.esri.core.geometry,OperatorSimplifyLocalHelper.RingOrientationTestComparator,7,123,3,11,1,26,3,7,0,3
Esri Geometry API for Java,com.esri.core.geometry,OperatorProximity2DLocal.Side_helper,197,223,35,15,53,55,26,7,1,7
Esri Geometry API for Java,com.esri.core.geometry,OperatorDensifyByLengthLocal,4,28,1,1,1,6,1,3,0,3
Esri Geometry API for Java,com.esri.core.geometry,OperatorGeodeticDensifyByLength,7,3,0,0,3,1,2,1,2,1
Esri Geometry API for Java,com.esri.core.geometry,GeoDist,433,800,72,50,80,142,48,22,2,7
Esri Geometry API for Java,com.esri.core.geometry,OGCStructureInternal.EditShapeCursor,0,56,1,5,0,14,1,5,0,3
Esri Geometry API for Java,com.esri.core.geometry,SpatialReferenceImpl.Precision,21,0,0,0,2,0,1,0,1,0
Esri Geometry API for Java,com.esri.core.geometry,OperatorImportFromWkt,2,8,0,0,1,3,1,2,1,2
Esri Geometry API for Java,com.esri.core.geometry,MultiPath,153,362,1,3,43,109,25,65,24,64
Esri Geometry API for Java,com.esri.core.geometry,GeometrySerializer,125,71,15,9,31,18,10,5,2,1
Esri Geometry API for Java,com.esri.core.geometry,OperatorSimplifyCursor,24,49,6,4,6,14,6,3,1,3
Esri Geometry API for Java,com.esri.core.geometry,JsonReader.Token,0,69,0,0,0,12,0,1,0,1
Esri Geometry API for Java,com.esri.core.geometry,SizeOf,36,36,0,0,4,4,4,4,4,4
Esri Geometry API for Java,com.esri.core.geometry,SimpleByteBufferCursor,2,31,1,1,1,9,1,3,0,3
Esri Geometry API for Java,com.esri.core.geometry,OperatorSimplifyLocalHelper,598,3937,136,514,142,912,111,249,1,34
Esri Geometry API for Java,com.esri.core.geometry,OperatorRelateLocal,0,10,0,0,0,2,0,2,0,2
Esri Geometry API for Java,com.esri.core.geometry,OperatorImportFromJson,2,8,0,0,1,3,1,2,1,2
Esri Geometry API for Java,com.esri.core.geometry,OperatorCutLocal.CutPair,0,48,0,0,0,17,0,1,0,1
Esri Geometry API for Java,com.esri.core.geometry,EditShape.VertexIterator,34,186,9,15,6,48,8,13,1,8
Esri Geometry API for Java,com.esri.core.geometry,Boundary.MultiPathImplBoundarySorter.CompareIndices,0,38,0,0,0,8,0,2,0,2
Esri Geometry API for Java,com.esri.core.geometry,IndexHashTable,279,281,25,19,67,62,23,17,9,9
Esri Geometry API for Java,com.esri.core.geometry,AttributeStreamBase,129,103,17,5,38,35,21,11,5,10
Esri Geometry API for Java,com.esri.core.geometry,PlaneSweepCrackerHelper,319,3154,91,313,38,732,84,178,4,56
Esri Geometry API for Java,com.esri.core.geometry,OperatorDistanceLocal,46,102,5,17,12,28,5,8,0,2
Esri Geometry API for Java,com.esri.core.geometry,OperatorBoundaryLocalCursor,14,42,3,3,4,14,4,3,1,3
Esri Geometry API for Java,com.esri.core.geometry,OperatorRelate,5,13,0,0,3,3,2,3,2,3
Esri Geometry API for Java,com.esri.core.geometry,OperatorImportFromGeoJsonLocal.GeoJsonValues,0,22,0,0,0,7,0,1,0,1
Esri Geometry API for Java,com.esri.core.geometry,OperatorGeodesicBuffer,7,3,0,0,3,1,2,1,2,1
Esri Geometry API for Java,com.esri.core.geometry,OperatorSimplifyLocalHelper.Edge,0,39,0,6,0,8,0,7,0,4
Esri Geometry API for Java,com.esri.core.geometry,OperatorDistance,7,3,0,0,3,1,2,1,2,1
Esri Geometry API for Java,com.esri.core.geometry,OperatorProjectLocal,30,3,0,0,6,1,6,1,6,1
Esri Geometry API for Java,com.esri.core.geometry,EditShape,1182,3595,191,371,256,876,155,270,21,123
Esri Geometry API for Java,com.esri.core.geometry,OperatorGeodeticAreaLocal,10,3,0,0,2,1,2,1,2,1
Esri Geometry API for Java,com.esri.core.geometry,MapGeometryCursor,3,0,0,0,1,0,1,0,1,0
Esri Geometry API for Java,com.esri.core.geometry,Operator,25,3,4,0,10,1,5,1,3,1
Esri Geometry API for Java,com.esri.core.geometry,OperatorGeodeticDensifyLocal,10,3,0,0,2,1,2,1,2,1
Esri Geometry API for Java,com.esri.core.geometry,NonSimpleResult.Reason,0,69,0,0,0,12,0,1,0,1
Esri Geometry API for Java,com.esri.core.geometry,OperatorDifferenceCursor,9,47,3,3,3,12,4,2,1,2
Esri Geometry API for Java,com.esri.core.geometry,Polyline,6,96,3,3,3,26,3,12,0,12
Esri Geometry API for Java,com.esri.core.geometry,OperatorImportFromWkbLocal,452,1619,163,256,101,491,114,115,0,8
Esri Geometry API for Java,com.esri.core.geometry,OperatorDifference,2,8,0,0,1,3,1,2,1,2
Esri Geometry API for Java,com.esri.core.geometry,OperatorImportFromESRIShape,7,3,0,0,3,1,2,1,2,1
Esri Geometry API for Java,com.esri.core.geometry,ConvexHull.CallBackPoints,7,15,0,0,2,5,1,2,1,2
Esri Geometry API for Java,com.esri.core.geometry,IntervalTreeImpl.SecondaryComparator,0,50,0,12,0,15,0,8,0,2
Esri Geometry API for Java,com.esri.core.geometry,RelationalOperations.OverlapEvent,0,21,0,0,0,7,0,1,0,1
Esri Geometry API for Java,com.esri.core.geometry,ListeningGeometryCursor,3,40,1,3,1,11,2,4,1,3
Esri Geometry API for Java,com.esri.core.geometry,OperatorOffset.JoinType,0,27,0,0,0,2,0,1,0,1
Esri Geometry API for Java,com.esri.core.geometry,Simplificator.SimplificatorAngleComparer,0,123,0,2,0,24,0,4,0,3
Esri Geometry API for Java,com.esri.core.geometry,Proximity2DResult,32,87,7,5,6,24,7,8,1,8
Esri Geometry API for Java,com.esri.core.geometry,OperatorWithin,7,3,0,0,2,1,2,1,2,1
Esri Geometry API for Java,com.esri.core.geometry,SegmentIteratorImpl,304,540,33,53,80,126,32,42,9,21
Esri Geometry API for Java,com.esri.core.geometry,AttributeStreamOfInt32.IntComparator,0,3,0,0,0,1,0,1,0,1
Esri Geometry API for Java,com.esri.core.geometry,ConvexHull.CallBackStream,0,23,0,0,0,7,0,3,0,3
Esri Geometry API for Java,com.esri.core.geometry,RasterizedGeometry2DImpl,416,1071,37,71,91,212,35,40,5,15
Esri Geometry API for Java,com.esri.core.geometry,OperatorExportToWkb,2,8,0,0,1,3,1,2,1,2
Esri Geometry API for Java,com.esri.core.geometry,PlaneSweepCrackerHelper.QComparator,0,38,0,0,0,9,0,2,0,2
Esri Geometry API for Java,com.esri.core.geometry,OperatorProject,7,3,0,0,3,1,2,1,2,1
Esri Geometry API for Java,com.esri.core.geometry,WktParser,142,1275,43,158,35,352,43,111,0,43
Esri Geometry API for Java,com.esri.core.geometry,CrackAndCluster,59,171,7,17,12,49,7,13,2,6
Esri Geometry API for Java,com.esri.core.geometry,GeometryAccelerators,15,95,9,19,3,24,9,16,0,11
Esri Geometry API for Java,com.esri.core.geometry,GeometryEngine,258,398,13,13,64,107,20,34,12,29
Esri Geometry API for Java,com.esri.core.geometry,Clusterer.ClusterHashFunction,72,91,0,0,13,19,5,3,5,3
Esri Geometry API for Java,com.esri.core.geometry,Treap.MonikerComparator,0,3,0,0,0,1,0,1,0,1
Esri Geometry API for Java,com.esri.core.geometry,Bufferer.GlueingCursorForPolyline,31,118,5,15,8,32,5,8,0,3
Esri Geometry API for Java,com.esri.core.geometry,OperatorCrossesLocal,0,10,0,0,0,2,0,2,0,2
Esri Geometry API for Java,com.esri.core.geometry,OperatorIntersectionLocal,31,41,2,0,9,7,3,4,2,4
Esri Geometry API for Java,com.esri.core.geometry,OperatorSimplifyLocalHelper.VertexComparer,0,17,0,0,0,5,0,2,0,2
Esri Geometry API for Java,com.esri.core.geometry,QuadTreeImpl.QuadTreeSortedIteratorImpl.Sorter,0,20,0,0,0,6,0,3,0,3
Esri Geometry API for Java,com.esri.core.geometry,OperatorGeodeticLength,7,3,0,0,3,1,2,1,2,1
Esri Geometry API for Java,com.esri.core.geometry,VertexDescriptionHash,2,80,0,6,1,20,1,8,1,5
Esri Geometry API for Java,com.esri.core.geometry,Clusterer,366,895,55,75,82,180,35,45,4,11
Esri Geometry API for Java,com.esri.core.geometry,OperatorTouches,2,8,0,0,1,3,1,2,1,2
Esri Geometry API for Java,com.esri.core.geometry,OperatorExportToESRIShape,7,3,0,0,3,1,2,1,2,1
Esri Geometry API for Java,com.esri.core.geometry,OperatorSimplifyLocalHelper.Vertex_info_pl,0,3,0,0,0,1,0,1,0,1
Esri Geometry API for Java,com.esri.core.geometry,ObjectCacheTable,92,0,4,0,19,0,6,0,4,0
Esri Geometry API for Java,com.esri.core.geometry,OperatorEqualsLocal,0,10,0,0,0,2,0,2,0,2
Esri Geometry API for Java,com.esri.core.geometry,SweepMonkierComparator,39,202,12,12,10,47,12,7,1,6
Esri Geometry API for Java,com.esri.core.geometry,OperatorExportToWkt,2,8,0,0,1,3,1,2,1,2
Esri Geometry API for Java,com.esri.core.geometry,OperatorSimplifyLocalHelper.Vertex_info_pg,31,18,10,0,1,7,6,1,1,1
Esri Geometry API for Java,com.esri.core.geometry,OperatorUnionLocal,0,35,0,0,0,6,0,3,0,3
Esri Geometry API for Java,com.esri.core.geometry,PolygonUtils,398,187,66,40,85,51,46,22,8,7
Esri Geometry API for Java,com.esri.core.geometry,Treap,153,1640,40,214,25,437,42,152,4,63
Esri Geometry API for Java,com.esri.core.geometry,OperatorBufferLocal,0,66,0,2,0,11,0,5,0,4
Esri Geometry API for Java,com.esri.core.geometry,Envelope2DIntersectorImpl.EndPointsComparer,0,41,0,8,0,9,0,6,0,2
Esri Geometry API for Java,com.esri.core.geometry,OperatorConvexHullLocal,0,18,0,0,0,4,0,4,0,4
Esri Geometry API for Java,com.esri.core.geometry,TopoGraph,817,4334,179,425,143,1066,162,266,19,107
Esri Geometry API for Java,com.esri.core.geometry,GeometryCursor,2,3,0,0,1,1,1,1,1,1
Esri Geometry API for Java,com.esri.core.geometry,Cutter.CompareVertices,2,59,1,5,1,17,1,4,0,2
Esri Geometry API for Java,com.esri.core.geometry.ogc,OGCMultiPoint,35,118,1,5,9,30,5,15,4,13
Esri Geometry API for Java,com.esri.core.geometry.ogc,OGCLineString,44,134,9,9,8,31,13,14,5,13
Esri Geometry API for Java,com.esri.core.geometry.ogc,OGCMultiCurve,26,10,4,0,6,3,4,2,2,2
Esri Geometry API for Java,com.esri.core.geometry.ogc,OGCPolygon,26,141,3,9,4,29,5,17,2,14
Esri Geometry API for Java,com.esri.core.geometry.ogc,OGCConcreteGeometryCollection.FlatteningCollectionCursor,65,0,8,0,20,0,7,0,3,0
Esri Geometry API for Java,com.esri.core.geometry.ogc,OGCLinearRing,27,33,4,2,7,7,6,2,3,2
Esri Geometry API for Java,com.esri.core.geometry.ogc,OGCConcreteGeometryCollection.GeometryCursorOGC,1,96,1,9,1,25,1,7,0,3
Esri Geometry API for Java,com.esri.core.geometry.ogc,OGCMultiSurface,4,7,0,0,1,2,1,2,1,2
Esri Geometry API for Java,com.esri.core.geometry.ogc,OGCSurface,4,7,0,0,1,2,1,2,1,2
Esri Geometry API for Java,com.esri.core.geometry.ogc,OGCGeometry,406,1169,53,90,98,258,55,79,15,43
Esri Geometry API for Java,com.esri.core.geometry.ogc,OGCGeometryCollection,0,3,0,0,0,1,0,1,0,1
Esri Geometry API for Java,com.esri.core.geometry.ogc,OGCPoint,17,74,1,1,4,17,5,12,4,12
Esri Geometry API for Java,com.esri.core.geometry.ogc,OGCMultiLineString,28,106,1,5,6,27,5,13,4,11
Esri Geometry API for Java,com.esri.core.geometry.ogc,OGCMultiPolygon,25,137,2,10,7,31,5,17,3,13
Esri Geometry API for Java,com.esri.core.geometry.ogc,OGCCurve,33,12,7,1,5,3,5,2,1,2
Esri Geometry API for Java,com.esri.core.geometry.ogc,OGCConcreteGeometryCollection,441,1223,98,174,103,285,95,99,23,35
